{
    "threshold": 0.005528240464627743,
    "accuracy": 0.9325,
    "precision": 0.9914772727272727,
    "recall": 0.8725,
    "specificity": 0.9925,
    "f1_score": 0.9281914893617021,
    "fpr": 0.0075,
    "fnr": 0.1275,
    "roc_auc": 0.92918125,
    "confusion_matrix": [
        [
            397,
            3
        ],
        [
            51,
            349
        ]
    ]
}